country_code,country_name,year,internet_usage_pct,gdp_usd,wiki_country_original,avg_connection_speed_mbit,pipeline_processed_at
ARG,Argentina,2000,7.0386830862178,284203750000.0,Argentina,111.54,2026-05-25 15:44:18.479285
ARG,Argentina,2001,9.78080728532407,268696750000.0,Argentina,111.54,2026-05-25 15:44:18.479285
ARG,Argentina,2002,10.8821243775325,97724004251.8602,Argentina,111.54,2026-05-25 15:44:18.479285
ARG,Argentina,2003,11.9136965509954,127586973492.177,Argentina,111.54,2026-05-25 15:44:18.479285
ARG,Argentina,2004,16.0366841054923,164657930452.787,Argentina,111.54,2026-05-25 15:44:18.479285
ARG,Argentina,2005,17.7205833696065,198737095012.282,Argentina,111.54,2026-05-25 15:44:18.479285
ARG,Argentina,2006,20.9272021035896,232557260817.308,Argentina,111.54,2026-05-25 15:44:18.479285
ARG,Argentina,2007,25.9466329403819,287530508430.568,Argentina,111.54,2026-05-25 15:44:18.479285
ARG,Argentina,2008,28.1126234799907,361558037110.419,Argentina,111.54,2026-05-25 15:44:18.479285
ARG,Argentina,2009,34.0,332976484577.619,Argentina,111.54,2026-05-25 15:44:18.479285
ARG,Argentina,2010,45.0,423627422092.49,Argentina,111.54,2026-05-25 15:44:18.479285
ARG,Argentina,2011,51.0,530158122010.442,Argentina,111.54,2026-05-25 15:44:18.479285
ARG,Argentina,2012,55.79999924,545982375701.128,Argentina,111.54,2026-05-25 15:44:18.479285
ARG,Argentina,2013,59.90000153,552025140252.246,Argentina,111.54,2026-05-25 15:44:18.479285
ARG,Argentina,2014,64.69999695,526319673731.638,Argentina,111.54,2026-05-25 15:44:18.479285
ARG,Argentina,2015,68.0430641088122,594749285413.212,Argentina,111.54,2026-05-25 15:44:18.479285
ARG,Argentina,2016,70.9689808206024,557532320662.955,Argentina,111.54,2026-05-25 15:44:18.479285
ARG,Argentina,2017,74.2949068657957,643628393281.364,Argentina,111.54,2026-05-25 15:44:18.479285
ARG,Argentina,2018,77.7,524819892360.176,Argentina,111.54,2026-05-25 15:44:18.479285
ARG,Argentina,2019,79.9469520347551,447754683615.225,Argentina,111.54,2026-05-25 15:44:18.479285
ARG,Argentina,2020,85.51438646,385740508436.965,Argentina,111.54,2026-05-25 15:44:18.479285
ARG,Argentina,2021,87.15070683,486564085480.036,Argentina,111.54,2026-05-25 15:44:18.479285
ARG,Argentina,2022,88.37535691,633993756301.08,Argentina,111.54,2026-05-25 15:44:18.479285
ARG,Argentina,2023,89.22897166,649461687959.174,Argentina,111.54,2026-05-25 15:44:18.479285
ARG,Argentina,2024,89.66715228,638365455340.04,Argentina,111.54,2026-05-25 15:44:18.479285
AUS,Australia,2000,46.7561156116738,416901962163.479,Australia,154.09,2026-05-25 15:44:18.479285
AUS,Australia,2001,52.6892664310395,380360222861.197,Australia,154.09,2026-05-25 15:44:18.479285
AUS,Australia,2005,63.0,696811489612.816,Australia,154.09,2026-05-25 15:44:18.479285
AUS,Australia,2006,66.0,749708370332.989,Australia,154.09,2026-05-25 15:44:18.479285
AUS,Australia,2007,69.45,856603595823.192,Australia,154.09,2026-05-25 15:44:18.479285
AUS,Australia,2008,71.67,1058448244063.77,Australia,154.09,2026-05-25 15:44:18.479285
AUS,Australia,2009,74.25,931761689770.843,Australia,154.09,2026-05-25 15:44:18.479285
AUS,Australia,2010,76.0,1152566632022.13,Australia,154.09,2026-05-25 15:44:18.479285
AUS,Australia,2011,79.4876977139029,1402939868653.4,Australia,154.09,2026-05-25 15:44:18.479285
AUS,Australia,2012,79.0,1552728401401.58,Australia,154.09,2026-05-25 15:44:18.479285
AUS,Australia,2013,83.453497167,1583737461925.39,Australia,154.09,2026-05-25 15:44:18.479285
AUS,Australia,2014,84.0,1474677007565.64,Australia,154.09,2026-05-25 15:44:18.479285
AUS,Australia,2015,84.5605149091408,1356805839935.9,Australia,154.09,2026-05-25 15:44:18.479285
AUS,Australia,2016,86.54000092,1211588128417.61,Australia,154.09,2026-05-25 15:44:18.479285
AUS,Australia,2017,86.5450488476768,1330890554614.09,Australia,154.09,2026-05-25 15:44:18.479285
AUS,Australia,2018,90.0082016,1433144978761.67,Australia,154.09,2026-05-25 15:44:18.479285
AUS,Australia,2019,93.60990143,1398349602956.35,Australia,154.09,2026-05-25 15:44:18.479285
AUS,Australia,2020,94.6934967,1333336461648.09,Australia,154.09,2026-05-25 15:44:18.479285
AUS,Australia,2021,96.97219849,1560617493202.69,Australia,154.09,2026-05-25 15:44:18.479285
AUS,Australia,2022,96.11940002,1695627535475.8,Australia,154.09,2026-05-25 15:44:18.479285
AUS,Australia,2023,96.1160965,1734451264655.6,Australia,154.09,2026-05-25 15:44:18.479285
AUS,Australia,2024,96.13140106,1757022451652.83,Australia,154.09,2026-05-25 15:44:18.479285
BRA,Brazil,2000,2.87068515854108,655448188259.351,Brazil,221.53,2026-05-25 15:44:18.479285
BRA,Brazil,2001,4.52849486902851,559983704094.17,Brazil,221.53,2026-05-25 15:44:18.479285
BRA,Brazil,2002,9.14942508560748,509795270685.19,Brazil,221.53,2026-05-25 15:44:18.479285
BRA,Brazil,2003,13.2075861035303,558233724164.711,Brazil,221.53,2026-05-25 15:44:18.479285
BRA,Brazil,2004,19.073672274442,669289321944.512,Brazil,221.53,2026-05-25 15:44:18.479285
BRA,Brazil,2005,21.022747248827,891633826625.407,Brazil,221.53,2026-05-25 15:44:18.479285
BRA,Brazil,2006,28.17840004,1107626711163.23,Brazil,221.53,2026-05-25 15:44:18.479285
BRA,Brazil,2007,30.87999916,1397114247188.89,Brazil,221.53,2026-05-25 15:44:18.479285
BRA,Brazil,2008,33.83,1695855391757.96,Brazil,221.53,2026-05-25 15:44:18.479285
BRA,Brazil,2009,39.22,1666996294252.12,Brazil,221.53,2026-05-25 15:44:18.479285
BRA,Brazil,2010,40.65,2208838108484.35,Brazil,221.53,2026-05-25 15:44:18.479285
BRA,Brazil,2011,45.69,2616156606579.21,Brazil,221.53,2026-05-25 15:44:18.479285
BRA,Brazil,2012,48.56,2465228293706.86,Brazil,221.53,2026-05-25 15:44:18.479285
BRA,Brazil,2013,51.04,2472819362043.74,Brazil,221.53,2026-05-25 15:44:18.479285
BRA,Brazil,2014,54.5510018796392,2456043766032.38,Brazil,221.53,2026-05-25 15:44:18.479285
BRA,Brazil,2015,58.3279517340924,1802211999456.42,Brazil,221.53,2026-05-25 15:44:18.479285
BRA,Brazil,2016,60.8725400681261,1795693265999.04,Brazil,221.53,2026-05-25 15:44:18.479285
BRA,Brazil,2017,67.4712845236305,2063514688805.78,Brazil,221.53,2026-05-25 15:44:18.479285
BRA,Brazil,2018,70.4342825404361,1916933708352.71,Brazil,221.53,2026-05-25 15:44:18.479285
BRA,Brazil,2019,73.9124399133589,1873288158838.63,Brazil,221.53,2026-05-25 15:44:18.479285
BRA,Brazil,2020,81.34269353,1476107292151.95,Brazil,221.53,2026-05-25 15:44:18.479285
BRA,Brazil,2021,80.68989314,1670647464062.96,Brazil,221.53,2026-05-25 15:44:18.479285
BRA,Brazil,2022,80.52775094,1951923832083.87,Brazil,221.53,2026-05-25 15:44:18.479285
BRA,Brazil,2023,84.15060238,2191131869706.02,Brazil,221.53,2026-05-25 15:44:18.479285
BRA,Brazil,2024,84.46347227,2185821648943.86,Brazil,221.53,2026-05-25 15:44:18.479285
CAN,Canada,2000,51.3,744773415931.587,Canada,277.7,2026-05-25 15:44:18.479285
CAN,Canada,2001,60.2,738981792355.372,Canada,277.7,2026-05-25 15:44:18.479285
CAN,Canada,2002,61.5932992681952,760649334098.005,Canada,277.7,2026-05-25 15:44:18.479285
CAN,Canada,2003,64.2,895540646634.787,Canada,277.7,2026-05-25 15:44:18.479285
CAN,Canada,2004,65.9559634648989,1026690238278.25,Canada,277.7,2026-05-25 15:44:18.479285
CAN,Canada,2005,71.66,1173108598778.68,Canada,277.7,2026-05-25 15:44:18.479285
CAN,Canada,2006,72.40000153,1319264809590.97,Canada,277.7,2026-05-25 15:44:18.479285
CAN,Canada,2007,73.2,1468820407783.26,Canada,277.7,2026-05-25 15:44:18.479285
CAN,Canada,2008,76.69999695,1552989690721.65,Canada,277.7,2026-05-25 15:44:18.479285
CAN,Canada,2009,80.3,1374625142157.29,Canada,277.7,2026-05-25 15:44:18.479285
CAN,Canada,2010,80.3,1617343367486.26,Canada,277.7,2026-05-25 15:44:18.479285
CAN,Canada,2011,83.0,1793326630174.52,Canada,277.7,2026-05-25 15:44:18.479285
CAN,Canada,2012,83.0,1828366481521.6,Canada,277.7,2026-05-25 15:44:18.479285
CAN,Canada,2013,85.80000305,1846597421834.98,Canada,277.7,2026-05-25 15:44:18.479285
CAN,Canada,2014,87.12000275,1805749878439.94,Canada,277.7,2026-05-25 15:44:18.479285
CAN,Canada,2015,90.0,1556508816217.14,Canada,277.7,2026-05-25 15:44:18.479285
CAN,Canada,2016,91.16000366,1527994741907.43,Canada,277.7,2026-05-25 15:44:18.479285
CAN,Canada,2017,92.70140076,1649265644244.09,Canada,277.7,2026-05-25 15:44:18.479285
CAN,Canada,2018,94.64,1725329192783.02,Canada,277.7,2026-05-25 15:44:18.479285
CAN,Canada,2019,91.91290283,1743725183672.52,Canada,277.7,2026-05-25 15:44:18.479285
CAN,Canada,2020,92.3,1655684730000.19,Canada,277.7,2026-05-25 15:44:18.479285
CAN,Canada,2021,93.93710327,2022378748423.23,Canada,277.7,2026-05-25 15:44:18.479285
CAN,Canada,2022,94.0,2190411080134.32,Canada,277.7,2026-05-25 15:44:18.479285
CAN,Canada,2023,94.14530182,2173339670064.33,Canada,277.7,2026-05-25 15:44:18.479285
CAN,Canada,2024,94.353302,2243636826633.76,Canada,277.7,2026-05-25 15:44:18.479285
CHL,Chile,2000,16.6,78339750721.364,Chile,334.99,2026-05-25 15:44:18.479285
CHL,Chile,2001,19.1,71574739561.4329,Chile,334.99,2026-05-25 15:44:18.479285
CHL,Chile,2002,22.1,70264045939.2773,Chile,334.99,2026-05-25 15:44:18.479285
CHL,Chile,2003,25.4737788864723,76492579644.0605,Chile,334.99,2026-05-25 15:44:18.479285
CHL,Chile,2004,28.1779101232438,99075985773.6682,Chile,334.99,2026-05-25 15:44:18.479285
CHL,Chile,2005,31.1753006,122294145163.192,Chile,334.99,2026-05-25 15:44:18.479285
CHL,Chile,2006,34.4977511736017,153843518170.864,Chile,334.99,2026-05-25 15:44:18.479285
CHL,Chile,2007,35.90000153,172491076033.863,Chile,334.99,2026-05-25 15:44:18.479285
CHL,Chile,2008,37.29999924,179894594475.405,Chile,334.99,2026-05-25 15:44:18.479285
CHL,Chile,2009,41.56,171777900623.892,Chile,334.99,2026-05-25 15:44:18.479285
CHL,Chile,2010,45.0,217051209238.534,Chile,334.99,2026-05-25 15:44:18.479285
CHL,Chile,2011,52.2496072877744,251382573893.87,Chile,334.99,2026-05-25 15:44:18.479285
CHL,Chile,2012,55.04999924,267024782486.855,Chile,334.99,2026-05-25 15:44:18.479285
CHL,Chile,2013,58.0,277395018842.417,Chile,334.99,2026-05-25 15:44:18.479285
CHL,Chile,2014,61.11000061,259560978224.359,Chile,334.99,2026-05-25 15:44:18.479285
CHL,Chile,2015,76.6295919508796,242450355830.884,Chile,334.99,2026-05-25 15:44:18.479285
CHL,Chile,2016,83.5585860244169,249344863928.438,Chile,334.99,2026-05-25 15:44:18.479285
CHL,Chile,2017,82.3274869338464,276154259981.097,Chile,334.99,2026-05-25 15:44:18.479285
CHL,Chile,2018,84.90000153,295857562991.709,Chile,334.99,2026-05-25 15:44:18.479285
CHL,Chile,2019,85.01760101,278285058719.466,Chile,334.99,2026-05-25 15:44:18.479285
CHL,Chile,2020,87.45929718,254042159309.311,Chile,334.99,2026-05-25 15:44:18.479285
CHL,Chile,2021,90.23280334,315325547162.072,Chile,334.99,2026-05-25 15:44:18.479285
CHL,Chile,2022,92.31819916,301226575540.242,Chile,334.99,2026-05-25 15:44:18.479285
CHL,Chile,2023,94.45742345,335518054097.637,Chile,334.99,2026-05-25 15:44:18.479285
CHL,Chile,2024,95.590243,330267137371.592,Chile,334.99,2026-05-25 15:44:18.479285
CHN,China,2000,1.77591320677415,1223754919971.05,China,206.91,2026-05-25 15:44:18.479285
CHN,China,2001,2.63965021485872,1355036590251.52,China,206.91,2026-05-25 15:44:18.479285
CHN,China,2002,4.59570433077551,1489821682050.54,China,206.91,2026-05-25 15:44:18.479285
CHN,China,2003,6.2,1683903309843.85,China,206.91,2026-05-25 15:44:18.479285
CHN,China,2004,7.3,1984196551300.44,China,206.91,2026-05-25 15:44:18.479285
CHN,China,2005,8.52325700269541,2317551298052.05,China,206.91,2026-05-25 15:44:18.479285
CHN,China,2006,10.5231526193851,2791498472804.33,China,206.91,2026-05-25 15:44:18.479285
CHN,China,2007,16.0,3604055822571.63,China,206.91,2026-05-25 15:44:18.479285
CHN,China,2008,22.6,4667346414521.95,China,206.91,2026-05-25 15:44:18.479285
CHN,China,2009,28.9,5189577094997.58,China,206.91,2026-05-25 15:44:18.479285
CHN,China,2010,34.3,6192564874453.29,China,206.91,2026-05-25 15:44:18.479285
CHN,China,2011,38.3,7671757207851.29,China,206.91,2026-05-25 15:44:18.479285
CHN,China,2012,42.30009842,8673664713189.24,China,206.91,2026-05-25 15:44:18.479285
CHN,China,2013,45.79999924,9743124247267.24,China,206.91,2026-05-25 15:44:18.479285
CHN,China,2014,47.90000153,10674533168257.4,China,206.91,2026-05-25 15:44:18.479285
CHN,China,2015,50.29999924,11280814787468.9,China,206.91,2026-05-25 15:44:18.479285
CHN,China,2016,53.2,11456024084962.0,China,206.91,2026-05-25 15:44:18.479285
CHN,China,2017,54.3,12537559062282.9,China,206.91,2026-05-25 15:44:18.479285
CHN,China,2018,65.35839844,14147765772963.8,China,206.91,2026-05-25 15:44:18.479285
CHN,China,2019,64.080881297515,14560167101283.4,China,206.91,2026-05-25 15:44:18.479285
CHN,China,2020,70.05275998,14996414166715.1,China,206.91,2026-05-25 15:44:18.479285
CHN,China,2021,73.05323517,18201698719564.0,China,206.91,2026-05-25 15:44:18.479285
CHN,China,2022,75.61131603,18316765021690.2,China,206.91,2026-05-25 15:44:18.479285
CHN,China,2023,90.6,18270356654533.2,China,206.91,2026-05-25 15:44:18.479285
CHN,China,2024,92.0,18743803170827.2,China,206.91,2026-05-25 15:44:18.479285
EGY,"Egypt, Arab Rep.",2000,0.641265037504813,99838543960.0763,Egypt,92.5,2026-05-25 15:44:18.479285
EGY,"Egypt, Arab Rep.",2001,0.838945611477604,96684636118.5984,Egypt,92.5,2026-05-25 15:44:18.479285
EGY,"Egypt, Arab Rep.",2002,2.71999971465421,85146067415.7303,Egypt,92.5,2026-05-25 15:44:18.479285
EGY,"Egypt, Arab Rep.",2003,4.03788510706701,80288461538.4615,Egypt,92.5,2026-05-25 15:44:18.479285
EGY,"Egypt, Arab Rep.",2004,11.92,78782467532.4675,Egypt,92.5,2026-05-25 15:44:18.479285
EGY,"Egypt, Arab Rep.",2005,12.75,89660339660.3397,Egypt,92.5,2026-05-25 15:44:18.479285
EGY,"Egypt, Arab Rep.",2006,13.66,107426086956.522,Egypt,92.5,2026-05-25 15:44:18.479285
EGY,"Egypt, Arab Rep.",2007,16.03,130437828371.278,Egypt,92.5,2026-05-25 15:44:18.479285
EGY,"Egypt, Arab Rep.",2008,18.01,162818181818.182,Egypt,92.5,2026-05-25 15:44:18.479285
EGY,"Egypt, Arab Rep.",2009,20.0,189147005444.646,Egypt,92.5,2026-05-25 15:44:18.479285
EGY,"Egypt, Arab Rep.",2010,21.6,218983666061.706,Egypt,92.5,2026-05-25 15:44:18.479285
EGY,"Egypt, Arab Rep.",2011,25.6,235989672977.625,Egypt,92.5,2026-05-25 15:44:18.479285
EGY,"Egypt, Arab Rep.",2012,26.4,279116666666.667,Egypt,92.5,2026-05-25 15:44:18.479285
EGY,"Egypt, Arab Rep.",2013,29.4,288434108527.132,Egypt,92.5,2026-05-25 15:44:18.479285
EGY,"Egypt, Arab Rep.",2014,33.8946039115275,305595408895.265,Egypt,92.5,2026-05-25 15:44:18.479285
EGY,"Egypt, Arab Rep.",2015,37.8193834276939,329366576819.407,Egypt,92.5,2026-05-25 15:44:18.479285
EGY,"Egypt, Arab Rep.",2016,41.2480670885772,332441717791.411,Egypt,92.5,2026-05-25 15:44:18.479285
EGY,"Egypt, Arab Rep.",2017,44.9502042452857,248362771739.13,Egypt,92.5,2026-05-25 15:44:18.479285
EGY,"Egypt, Arab Rep.",2018,46.92433676792,262588632526.73,Egypt,92.5,2026-05-25 15:44:18.479285
EGY,"Egypt, Arab Rep.",2019,57.2828663990195,318678815489.749,Egypt,92.5,2026-05-25 15:44:18.479285
EGY,"Egypt, Arab Rep.",2020,71.91420096,383817841547.099,Egypt,92.5,2026-05-25 15:44:18.479285
EGY,"Egypt, Arab Rep.",2021,72.05599976,424671765455.704,Egypt,92.5,2026-05-25 15:44:18.479285
EGY,"Egypt, Arab Rep.",2022,72.19806556,476747720364.742,Egypt,92.5,2026-05-25 15:44:18.479285
EGY,"Egypt, Arab Rep.",2023,74.01190186,395926075163.006,Egypt,92.5,2026-05-25 15:44:18.479285
EGY,"Egypt, Arab Rep.",2024,74.64839935,389059911003.566,Egypt,92.5,2026-05-25 15:44:18.479285
FRA,France,2000,14.3079239430677,1360959069477.49,France,352.35,2026-05-25 15:44:18.479285
FRA,France,2001,26.3259035521688,1370376677298.86,France,352.35,2026-05-25 15:44:18.479285
FRA,France,2002,30.18,1492427756382.43,France,352.35,2026-05-25 15:44:18.479285
FRA,France,2003,36.14,1835095983049.09,France,352.35,2026-05-25 15:44:18.479285
FRA,France,2004,39.15,2109792297237.03,France,352.35,2026-05-25 15:44:18.479285
FRA,France,2005,42.87,2192146403028.17,France,352.35,2026-05-25 15:44:18.479285
FRA,France,2006,46.87,2317861544690.82,France,352.35,2026-05-25 15:44:18.479285
FRA,France,2007,66.09,2655816911866.56,France,352.35,2026-05-25 15:44:18.479285
FRA,France,2008,70.68,2926802941585.86,France,352.35,2026-05-25 15:44:18.479285
FRA,France,2009,71.58,2700075882518.98,France,352.35,2026-05-25 15:44:18.479285
FRA,France,2010,77.28,2646230027988.34,France,352.35,2026-05-25 15:44:18.479285
FRA,France,2011,77.8199989926706,2870408553990.28,France,352.35,2026-05-25 15:44:18.479285
FRA,France,2012,81.44,2683007095787.23,France,352.35,2026-05-25 15:44:18.479285
FRA,France,2013,81.9198,2816077607875.26,France,352.35,2026-05-25 15:44:18.479285
FRA,France,2014,83.7510996681821,2861236112552.42,France,352.35,2026-05-25 15:44:18.479285
FRA,France,2015,78.0060377071902,2442483452642.5,France,352.35,2026-05-25 15:44:18.479285
FRA,France,2016,79.2698113207547,2470407619777.13,France,352.35,2026-05-25 15:44:18.479285
FRA,France,2017,80.5024597243607,2588868323334.71,France,352.35,2026-05-25 15:44:18.479285
FRA,France,2018,82.0431867788484,2781576320884.39,France,352.35,2026-05-25 15:44:18.479285
FRA,France,2019,83.3397440866883,2722793515171.76,France,352.35,2026-05-25 15:44:18.479285
FRA,France,2020,84.70639801,2647926055110.05,France,352.35,2026-05-25 15:44:18.479285
FRA,France,2021,86.09548575,2966433692008.09,France,352.35,2026-05-25 15:44:18.479285
FRA,France,2022,85.33331734,2794788137066.94,France,352.35,2026-05-25 15:44:18.479285
FRA,France,2023,86.83635789,3056250648138.29,France,352.35,2026-05-25 15:44:18.479285
FRA,France,2024,88.65381638,3160442622465.08,France,352.35,2026-05-25 15:44:18.479285
DEU,Germany,2000,30.2163466048889,1966980701145.1,Germany,103.72,2026-05-25 15:44:18.479285
DEU,Germany,2001,31.650939416316,1966381496641.73,Germany,103.72,2026-05-25 15:44:18.479285
DEU,Germany,2002,48.82,2102350798305.89,Germany,103.72,2026-05-25 15:44:18.479285
DEU,Germany,2003,55.9,2534715518349.01,Germany,103.72,2026-05-25 15:44:18.479285
DEU,Germany,2004,64.73,2852317768061.78,Germany,103.72,2026-05-25 15:44:18.479285
DEU,Germany,2005,68.71,2893393187361.87,Germany,103.72,2026-05-25 15:44:18.479285
DEU,Germany,2006,72.16,3046308753670.58,Germany,103.72,2026-05-25 15:44:18.479285
DEU,Germany,2007,75.16,3484056680854.91,Germany,103.72,2026-05-25 15:44:18.479285
DEU,Germany,2008,78.0,3808197720125.0,Germany,103.72,2026-05-25 15:44:18.479285
DEU,Germany,2009,79.0,3478545516683.59,Germany,103.72,2026-05-25 15:44:18.479285
DEU,Germany,2010,82.0,3467093769666.67,Germany,103.72,2026-05-25 15:44:18.479285
DEU,Germany,2011,81.26999953602,3823575803793.78,Germany,103.72,2026-05-25 15:44:18.479285
DEU,Germany,2012,82.3499984738392,3596483233406.25,Germany,103.72,2026-05-25 15:44:18.479285
DEU,Germany,2013,84.17,3807023797050.99,Germany,103.72,2026-05-25 15:44:18.479285
DEU,Germany,2014,86.1937006578756,3964870735760.77,Germany,103.72,2026-05-25 15:44:18.479285
DEU,Germany,2015,87.5897993525767,3425099578746.09,Germany,103.72,2026-05-25 15:44:18.479285
DEU,Germany,2016,84.1652066441212,3536787895179.0,Germany,103.72,2026-05-25 15:44:18.479285
DEU,Germany,2017,84.3941537010844,3765351626105.89,Germany,103.72,2026-05-25 15:44:18.479285
DEU,Germany,2018,87.037112092841,4055433215301.96,Germany,103.72,2026-05-25 15:44:18.479285
DEU,Germany,2019,88.1345169091916,3959894794039.21,Germany,103.72,2026-05-25 15:44:18.479285
DEU,Germany,2020,89.81294133,3941398957073.94,Germany,103.72,2026-05-25 15:44:18.479285
DEU,Germany,2021,91.43060973,4355251953410.78,Germany,103.72,2026-05-25 15:44:18.479285
DEU,Germany,2022,91.62984383,4201021706478.62,Germany,103.72,2026-05-25 15:44:18.479285
DEU,Germany,2023,92.4763763,4562207532490.28,Germany,103.72,2026-05-25 15:44:18.479285
DEU,Germany,2024,93.49999579,4685592577804.69,Germany,103.72,2026-05-25 15:44:18.479285
IND,India,2000,0.527532449930946,468395521654.458,India,60.85,2026-05-25 15:44:18.479285
IND,India,2001,0.660146377009928,485440139204.171,India,60.85,2026-05-25 15:44:18.479285
IND,India,2002,1.53787558175083,514939140318.756,India,60.85,2026-05-25 15:44:18.479285
IND,India,2003,1.68648997063625,607700687237.318,India,60.85,2026-05-25 15:44:18.479285
IND,India,2004,1.97613649190559,709152728830.775,India,60.85,2026-05-25 15:44:18.479285
IND,India,2005,2.388099909,820383763511.445,India,60.85,2026-05-25 15:44:18.479285
IND,India,2006,2.80549986534254,940259888787.721,India,60.85,2026-05-25 15:44:18.479285
IND,India,2007,3.95,1216736438834.96,India,60.85,2026-05-25 15:44:18.479285
IND,India,2008,4.38,1198895139005.92,India,60.85,2026-05-25 15:44:18.479285
IND,India,2009,5.12,1341888016994.9,India,60.85,2026-05-25 15:44:18.479285
IND,India,2010,7.5,1675615519484.96,India,60.85,2026-05-25 15:44:18.479285
IND,India,2011,10.07,1823051829894.55,India,60.85,2026-05-25 15:44:18.479285
IND,India,2012,11.10000038,1827637590410.41,India,60.85,2026-05-25 15:44:18.479285
IND,India,2013,12.30000019,1856721507621.58,India,60.85,2026-05-25 15:44:18.479285
IND,India,2014,13.5,2039126479154.52,India,60.85,2026-05-25 15:44:18.479285
IND,India,2015,14.89999962,2103588360044.94,India,60.85,2026-05-25 15:44:18.479285
IND,India,2016,16.5,2294796885663.16,India,60.85,2026-05-25 15:44:18.479285
IND,India,2017,18.20000076,2651474262755.45,India,60.85,2026-05-25 15:44:18.479285
IND,India,2018,20.0813000379384,2702929641648.74,India,60.85,2026-05-25 15:44:18.479285
IND,India,2019,29.52350044,2835606256558.19,India,60.85,2026-05-25 15:44:18.479285
IND,India,2020,43.40544313,2674851578587.27,India,60.85,2026-05-25 15:44:18.479285
IND,India,2021,49.2580986,3167270623260.47,India,60.85,2026-05-25 15:44:18.479285
IND,India,2022,55.9,3346107287730.93,India,60.85,2026-05-25 15:44:18.479285
IND,India,2023,60.25230026,3638489096033.86,India,60.85,2026-05-25 15:44:18.479285
IND,India,2024,64.9434967,3909891533858.08,India,60.85,2026-05-25 15:44:18.479285
IDN,Indonesia,2000,0.925563864466858,165021012077.81,Indonesia,45.91,2026-05-25 15:44:18.479285
IDN,Indonesia,2001,2.01861385948459,160446947784.909,Indonesia,45.91,2026-05-25 15:44:18.479285
IDN,Indonesia,2002,2.13413573295808,195660611165.183,Indonesia,45.91,2026-05-25 15:44:18.479285
IDN,Indonesia,2003,2.38701977959476,234772463823.808,Indonesia,45.91,2026-05-25 15:44:18.479285
IDN,Indonesia,2004,2.60028587633414,256836875295.452,Indonesia,45.91,2026-05-25 15:44:18.479285
IDN,Indonesia,2005,3.60202476259646,285868619196.085,Indonesia,45.91,2026-05-25 15:44:18.479285
IDN,Indonesia,2006,4.76481313366657,364570515618.357,Indonesia,45.91,2026-05-25 15:44:18.479285
IDN,Indonesia,2007,5.78627472934199,432216737774.861,Indonesia,45.91,2026-05-25 15:44:18.479285
IDN,Indonesia,2008,7.917500019,510228634992.258,Indonesia,45.91,2026-05-25 15:44:18.479285
IDN,Indonesia,2009,6.92,539580085612.401,Indonesia,45.91,2026-05-25 15:44:18.479285
IDN,Indonesia,2010,10.92,755094157621.936,Indonesia,45.91,2026-05-25 15:44:18.479285
IDN,Indonesia,2011,12.28,892969104563.171,Indonesia,45.91,2026-05-25 15:44:18.479285
IDN,Indonesia,2012,14.52,917869913332.649,Indonesia,45.91,2026-05-25 15:44:18.479285
IDN,Indonesia,2013,14.94,912524136718.018,Indonesia,45.91,2026-05-25 15:44:18.479285
IDN,Indonesia,2014,17.1431598350566,890814755533.537,Indonesia,45.91,2026-05-25 15:44:18.479285
IDN,Indonesia,2015,22.062742603379,860854232686.214,Indonesia,45.91,2026-05-25 15:44:18.479285
IDN,Indonesia,2016,25.447353701827,931877364037.698,Indonesia,45.91,2026-05-25 15:44:18.479285
IDN,Indonesia,2017,32.335806250688,1015618744159.73,Indonesia,45.91,2026-05-25 15:44:18.479285
IDN,Indonesia,2018,39.9046386385762,1042271532988.63,Indonesia,45.91,2026-05-25 15:44:18.479285
IDN,Indonesia,2019,47.6906489788375,1119099871350.2,Indonesia,45.91,2026-05-25 15:44:18.479285
IDN,Indonesia,2020,53.72649449,1059054842698.48,Indonesia,45.91,2026-05-25 15:44:18.479285
IDN,Indonesia,2021,62.10447842,1186509691086.73,Indonesia,45.91,2026-05-25 15:44:18.479285
IDN,Indonesia,2022,66.48461277,1319101183380.15,Indonesia,45.91,2026-05-25 15:44:18.479285
IDN,Indonesia,2023,69.20836554,1371169301563.62,Indonesia,45.91,2026-05-25 15:44:18.479285
IDN,Indonesia,2024,72.78075544,1396300098190.97,Indonesia,45.91,2026-05-25 15:44:18.479285
ITA,Italy,2000,23.1108742441037,1149661363439.38,Italy,117.11,2026-05-25 15:44:18.479285
ITA,Italy,2001,27.2221169788811,1172041488805.87,Italy,117.11,2026-05-25 15:44:18.479285
ITA,Italy,2002,28.04,1281746271196.04,Italy,117.11,2026-05-25 15:44:18.479285
ITA,Italy,2003,29.04,1582930016538.82,Italy,117.11,2026-05-25 15:44:18.479285
ITA,Italy,2004,33.24,1812808753294.75,Italy,117.11,2026-05-25 15:44:18.479285
ITA,Italy,2005,35.0,1864982261286.85,Italy,117.11,2026-05-25 15:44:18.479285
ITA,Italy,2006,37.99,1958563654385.64,Italy,117.11,2026-05-25 15:44:18.479285
ITA,Italy,2007,40.79,2222524108127.65,Italy,117.11,2026-05-25 15:44:18.479285
ITA,Italy,2008,44.53,2417508414187.19,Italy,117.11,2026-05-25 15:44:18.479285
ITA,Italy,2009,48.83,2209484319012.65,Italy,117.11,2026-05-25 15:44:18.479285
ITA,Italy,2010,53.68,2144936254535.0,Italy,117.11,2026-05-25 15:44:18.479285
ITA,Italy,2011,54.3899983018814,2306974020278.21,Italy,117.11,2026-05-25 15:44:18.479285
ITA,Italy,2012,55.829997993283,2097929495121.68,Italy,117.11,2026-05-25 15:44:18.479285
ITA,Italy,2013,58.4593,2153225581941.46,Italy,117.11,2026-05-25 15:44:18.479285
ITA,Italy,2014,55.6384602242293,2173255507985.84,Italy,117.11,2026-05-25 15:44:18.479285
ITA,Italy,2015,58.1417349568747,1845428048839.1,Italy,117.11,2026-05-25 15:44:18.479285
ITA,Italy,2016,61.3242527666303,1887111188176.93,Italy,117.11,2026-05-25 15:44:18.479285
ITA,Italy,2017,63.0773469984291,1970720904584.71,Italy,117.11,2026-05-25 15:44:18.479285
ITA,Italy,2018,74.3871829234822,2099435266458.67,Italy,117.11,2026-05-25 15:44:18.479285
ITA,Italy,2019,67.8507102874836,2019606796583.53,Italy,117.11,2026-05-25 15:44:18.479285
ITA,Italy,2020,70.48342785,1907481094079.23,Italy,117.11,2026-05-25 15:44:18.479285
ITA,Italy,2021,74.8623274,2179207773596.09,Italy,117.11,2026-05-25 15:44:18.479285
ITA,Italy,2022,85.06074504,2104067630319.46,Italy,117.11,2026-05-25 15:44:18.479285
ITA,Italy,2023,87.0278292,2316727999333.18,Italy,117.11,2026-05-25 15:44:18.479285
ITA,Italy,2024,89.2207202,2380825077243.59,Italy,117.11,2026-05-25 15:44:18.479285
JPN,Japan,2000,29.9907403589142,4968359075956.59,Japan,255.27,2026-05-25 15:44:18.479285
JPN,Japan,2001,38.5320608612719,4374711694090.87,Japan,255.27,2026-05-25 15:44:18.479285
JPN,Japan,2002,46.5942011179917,4182846045873.61,Japan,255.27,2026-05-25 15:44:18.479285
JPN,Japan,2003,48.4352658899653,4519561645253.53,Japan,255.27,2026-05-25 15:44:18.479285
JPN,Japan,2004,62.3939296327259,4893116005656.56,Japan,255.27,2026-05-25 15:44:18.479285
JPN,Japan,2005,66.9210661042901,4831467035389.8,Japan,255.27,2026-05-25 15:44:18.479285
JPN,Japan,2006,68.6852703213795,4601663122649.92,Japan,255.27,2026-05-25 15:44:18.479285
JPN,Japan,2007,74.3,4579750920354.81,Japan,255.27,2026-05-25 15:44:18.479285
JPN,Japan,2008,75.4,5106679115127.3,Japan,255.27,2026-05-25 15:44:18.479285
JPN,Japan,2009,78.0,5289493117993.89,Japan,255.27,2026-05-25 15:44:18.479285
JPN,Japan,2010,78.21,5759071769013.11,Japan,255.27,2026-05-25 15:44:18.479285
JPN,Japan,2011,79.0541135244739,6233147172341.35,Japan,255.27,2026-05-25 15:44:18.479285
JPN,Japan,2012,79.4964,6272362996105.03,Japan,255.27,2026-05-25 15:44:18.479285
JPN,Japan,2013,88.219428911,5212328181166.18,Japan,255.27,2026-05-25 15:44:18.479285
JPN,Japan,2014,89.1068330166075,4896994405353.29,Japan,255.27,2026-05-25 15:44:18.479285
JPN,Japan,2015,91.0580283929962,4444930651964.18,Japan,255.27,2026-05-25 15:44:18.479285
JPN,Japan,2016,93.1827212821617,5003677627544.24,Japan,255.27,2026-05-25 15:44:18.479285
JPN,Japan,2017,91.7265472366635,4930837369151.42,Japan,255.27,2026-05-25 15:44:18.479285
JPN,Japan,2018,88.7463508901772,5040880939324.86,Japan,255.27,2026-05-25 15:44:18.479285
JPN,Japan,2019,92.7303978145525,5117993853016.51,Japan,255.27,2026-05-25 15:44:18.479285
JPN,Japan,2020,90.21945812,5054068005376.28,Japan,255.27,2026-05-25 15:44:18.479285
JPN,Japan,2021,82.91407928,5039148168861.22,Japan,255.27,2026-05-25 15:44:18.479285
JPN,Japan,2022,84.92343147,4262463317796.53,Japan,255.27,2026-05-25 15:44:18.479285
JPN,Japan,2023,85.00990295,4213167237905.83,Japan,255.27,2026-05-25 15:44:18.479285
JPN,Japan,2024,85.54153081,4027597523550.58,Japan,255.27,2026-05-25 15:44:18.479285
KEN,Kenya,2000,0.318059713612037,12705350097.8044,Kenya,16.48,2026-05-25 15:44:18.479285
KEN,Kenya,2001,0.619782266151425,12986007425.8781,Kenya,16.48,2026-05-25 15:44:18.479285
KEN,Kenya,2002,1.20777388492125,13147736898.5176,Kenya,16.48,2026-05-25 15:44:18.479285
KEN,Kenya,2003,2.94190286101524,14904517649.8476,Kenya,16.48,2026-05-25 15:44:18.479285
KEN,Kenya,2004,3.0235280420962,16095337093.8366,Kenya,16.48,2026-05-25 15:44:18.479285
KEN,Kenya,2005,3.101900101,18737895512.7378,Kenya,16.48,2026-05-25 15:44:18.479285
KEN,Kenya,2006,3.599999905,25825512284.2891,Kenya,16.48,2026-05-25 15:44:18.479285
KEN,Kenya,2007,4.400000095,31958195182.2406,Kenya,16.48,2026-05-25 15:44:18.479285
KEN,Kenya,2008,5.199999809,35895153327.8497,Kenya,16.48,2026-05-25 15:44:18.479285
KEN,Kenya,2009,6.1,42347217912.9176,Kenya,16.48,2026-05-25 15:44:18.479285
KEN,Kenya,2010,7.2,45405615063.7551,Kenya,16.48,2026-05-25 15:44:18.479285
KEN,Kenya,2011,8.800000191,46869473150.61,Kenya,16.48,2026-05-25 15:44:18.479285
KEN,Kenya,2012,10.5,56396704671.5777,Kenya,16.48,2026-05-25 15:44:18.479285
KEN,Kenya,2013,13.0,61671440407.8387,Kenya,16.48,2026-05-25 15:44:18.479285
KEN,Kenya,2014,16.5,68285796514.2896,Kenya,16.48,2026-05-25 15:44:18.479285
KEN,Kenya,2015,16.5878548475992,70120446896.8359,Kenya,16.48,2026-05-25 15:44:18.479285
KEN,Kenya,2016,16.6,74815144163.8931,Kenya,16.48,2026-05-25 15:44:18.479285
KEN,Kenya,2017,17.82710075,82036510877.2599,Kenya,16.48,2026-05-25 15:44:18.479285
KEN,Kenya,2018,19.5,92202979985.2863,Kenya,16.48,2026-05-25 15:44:18.479285
KEN,Kenya,2019,22.6687733618171,100378436207.371,Kenya,16.48,2026-05-25 15:44:18.479285
KEN,Kenya,2020,24.7227993,100657505750.545,Kenya,16.48,2026-05-25 15:44:18.479285
KEN,Kenya,2021,26.96290016,109703658904.994,Kenya,16.48,2026-05-25 15:44:18.479285
KEN,Kenya,2022,29.40589905,114448978152.637,Kenya,16.48,2026-05-25 15:44:18.479285
KEN,Kenya,2023,32.07040024,107500884685.013,Kenya,16.48,2026-05-25 15:44:18.479285
KEN,Kenya,2024,34.97622513,120339557905.932,Kenya,16.48,2026-05-25 15:44:18.479285
KOR,"Korea, Rep.",2000,44.7,597487173479.109,South Korea,257.76,2026-05-25 15:44:18.479285
KOR,"Korea, Rep.",2001,56.6,567564806235.441,South Korea,257.76,2026-05-25 15:44:18.479285
KOR,"Korea, Rep.",2002,59.4,650014391470.21,South Korea,257.76,2026-05-25 15:44:18.479285
KOR,"Korea, Rep.",2003,65.5,728516494684.269,South Korea,257.76,2026-05-25 15:44:18.479285
KOR,"Korea, Rep.",2004,72.7,823251107638.814,South Korea,257.76,2026-05-25 15:44:18.479285
KOR,"Korea, Rep.",2005,73.5,971740329983.878,South Korea,257.76,2026-05-25 15:44:18.479285
KOR,"Korea, Rep.",2006,78.1,1095175538508.19,South Korea,257.76,2026-05-25 15:44:18.479285
KOR,"Korea, Rep.",2007,78.8,1220911904593.06,South Korea,257.76,2026-05-25 15:44:18.479285
KOR,"Korea, Rep.",2008,81.0,1091580692542.34,South Korea,257.76,2026-05-25 15:44:18.479285
KOR,"Korea, Rep.",2009,81.6,983065242417.36,South Korea,257.76,2026-05-25 15:44:18.479285
KOR,"Korea, Rep.",2010,83.7,1192830015737.68,South Korea,257.76,2026-05-25 15:44:18.479285
KOR,"Korea, Rep.",2011,83.7591201534472,1307103477219.1,South Korea,257.76,2026-05-25 15:44:18.479285
KOR,"Korea, Rep.",2012,84.07,1335343586437.67,South Korea,257.76,2026-05-25 15:44:18.479285
KOR,"Korea, Rep.",2013,84.77,1434669686501.84,South Korea,257.76,2026-05-25 15:44:18.479285
KOR,"Korea, Rep.",2014,87.5568264944747,1556252422020.44,South Korea,257.76,2026-05-25 15:44:18.479285
KOR,"Korea, Rep.",2015,89.8962557995106,1539212301135.55,South Korea,257.76,2026-05-25 15:44:18.479285
KOR,"Korea, Rep.",2016,92.8430256796075,1579150518945.44,South Korea,257.76,2026-05-25 15:44:18.479285
KOR,"Korea, Rep.",2017,95.0694218761004,1710196756713.17,South Korea,257.76,2026-05-25 15:44:18.479285
KOR,"Korea, Rep.",2018,96.0228595797887,1824251454306.83,South Korea,257.76,2026-05-25 15:44:18.479285
KOR,"Korea, Rep.",2019,96.157579184239,1751045752054.63,South Korea,257.76,2026-05-25 15:44:18.479285
KOR,"Korea, Rep.",2020,96.50506052,1744070276373.34,South Korea,257.76,2026-05-25 15:44:18.479285
KOR,"Korea, Rep.",2021,97.57132698,1942313560965.9,South Korea,257.76,2026-05-25 15:44:18.479285
KOR,"Korea, Rep.",2022,97.16855335,1799363116866.52,South Korea,257.76,2026-05-25 15:44:18.479285
KOR,"Korea, Rep.",2023,97.41597478,1844800934391.54,South Korea,257.76,2026-05-25 15:44:18.479285
KOR,"Korea, Rep.",2024,97.89563777,1875388209406.8,South Korea,257.76,2026-05-25 15:44:18.479285
MEX,Mexico,2000,5.08138415338066,742061329749.127,Mexico,104.25,2026-05-25 15:44:18.479285
MEX,Mexico,2001,7.0380231165045,796064590549.136,Mexico,104.25,2026-05-25 15:44:18.479285
MEX,Mexico,2002,11.9,810666116401.915,Mexico,104.25,2026-05-25 15:44:18.479285
MEX,Mexico,2003,12.9,765549967703.273,Mexico,104.25,2026-05-25 15:44:18.479285
MEX,Mexico,2004,14.1,819459227375.022,Mexico,104.25,2026-05-25 15:44:18.479285
MEX,Mexico,2005,17.20999908,917571853529.104,Mexico,104.25,2026-05-25 15:44:18.479285
MEX,Mexico,2006,19.52000046,1020265057882.01,Mexico,104.25,2026-05-25 15:44:18.479285
MEX,Mexico,2007,20.81,1102355554971.95,Mexico,104.25,2026-05-25 15:44:18.479285
MEX,Mexico,2008,21.71,1161553459715.1,Mexico,104.25,2026-05-25 15:44:18.479285
MEX,Mexico,2009,26.34,943437415024.633,Mexico,104.25,2026-05-25 15:44:18.479285
MEX,Mexico,2010,31.05,1105424238731.09,Mexico,104.25,2026-05-25 15:44:18.479285
MEX,Mexico,2011,37.1762954125184,1229013703416.76,Mexico,104.25,2026-05-25 15:44:18.479285
MEX,Mexico,2012,39.75,1255110424817.79,Mexico,104.25,2026-05-25 15:44:18.479285
MEX,Mexico,2013,43.46,1327436290282.67,Mexico,104.25,2026-05-25 15:44:18.479285
MEX,Mexico,2014,44.3856962723411,1364507717614.13,Mexico,104.25,2026-05-25 15:44:18.479285
MEX,Mexico,2015,57.4310429923633,1213294467716.88,Mexico,104.25,2026-05-25 15:44:18.479285
MEX,Mexico,2016,59.5404459967255,1112233497452.7,Mexico,104.25,2026-05-25 15:44:18.479285
MEX,Mexico,2017,53.0317886110982,1190721475906.0,Mexico,104.25,2026-05-25 15:44:18.479285
MEX,Mexico,2018,56.6595667981289,1256300182879.73,Mexico,104.25,2026-05-25 15:44:18.479285
MEX,Mexico,2019,69.6321092705209,1304106203902.45,Mexico,104.25,2026-05-25 15:44:18.479285
MEX,Mexico,2020,71.49017499,1121064767308.42,Mexico,104.25,2026-05-25 15:44:18.479285
MEX,Mexico,2021,75.62650476,1316569466685.95,Mexico,104.25,2026-05-25 15:44:18.479285
MEX,Mexico,2022,78.63217894,1466934724293.06,Mexico,104.25,2026-05-25 15:44:18.479285
MEX,Mexico,2023,81.18318755,1798317581486.88,Mexico,104.25,2026-05-25 15:44:18.479285
MEX,Mexico,2024,83.12233799,1856365616165.94,Mexico,104.25,2026-05-25 15:44:18.479285
MAR,Morocco,2000,0.693791244805455,43017455401.8445,Morocco,56.22,2026-05-25 15:44:18.479285
MAR,Morocco,2001,1.37143810096418,43831480207.6444,Morocco,56.22,2026-05-25 15:44:18.479285
MAR,Morocco,2002,2.37325319241544,47077192187.6418,Morocco,56.22,2026-05-25 15:44:18.479285
MAR,Morocco,2003,3.35336668122363,58029363354.2757,Morocco,56.22,2026-05-25 15:44:18.479285
MAR,Morocco,2004,11.6079347729582,66114145451.0067,Morocco,56.22,2026-05-25 15:44:18.479285
MAR,Morocco,2005,15.0844445240204,68852658068.6673,Morocco,56.22,2026-05-25 15:44:18.479285
MAR,Morocco,2006,19.7711915653115,75883823300.8545,Morocco,56.22,2026-05-25 15:44:18.479285
MAR,Morocco,2007,21.5,86947913286.728,Morocco,56.22,2026-05-25 15:44:18.479285
MAR,Morocco,2008,33.1,101822906949.063,Morocco,56.22,2026-05-25 15:44:18.479285
MAR,Morocco,2009,41.3,101154952240.881,Morocco,56.22,2026-05-25 15:44:18.479285
MAR,Morocco,2010,52.0,100865329473.44,Morocco,56.22,2026-05-25 15:44:18.479285
MAR,Morocco,2011,46.107482597,110080631332.375,Morocco,56.22,2026-05-25 15:44:18.479285
MAR,Morocco,2012,55.4160531914894,106937392311.129,Morocco,56.22,2026-05-25 15:44:18.479285
MAR,Morocco,2013,56.0,115739287305.08,Morocco,56.22,2026-05-25 15:44:18.479285
MAR,Morocco,2014,56.7746379160074,119130841411.664,Morocco,56.22,2026-05-25 15:44:18.479285
MAR,Morocco,2015,57.0799993486116,110413823841.592,Morocco,56.22,2026-05-25 15:44:18.479285
MAR,Morocco,2016,58.271236420398,111572947004.917,Morocco,56.22,2026-05-25 15:44:18.479285
MAR,Morocco,2017,61.7622120123071,118540573367.844,Morocco,56.22,2026-05-25 15:44:18.479285
MAR,Morocco,2018,64.8038651924043,127341147581.818,Morocco,56.22,2026-05-25 15:44:18.479285
MAR,Morocco,2019,84.1203630467602,128920266409.458,Morocco,56.22,2026-05-25 15:44:18.479285
MAR,Morocco,2020,84.12036305,121353645057.144,Morocco,56.22,2026-05-25 15:44:18.479285
MAR,Morocco,2021,88.13031937,142022058447.231,Morocco,56.22,2026-05-25 15:44:18.479285
MAR,Morocco,2022,89.9,131245312804.483,Morocco,56.22,2026-05-25 15:44:18.479285
MAR,Morocco,2023,91.0,146036093666.762,Morocco,56.22,2026-05-25 15:44:18.479285
MAR,Morocco,2024,91.2,160610994054.734,Morocco,56.22,2026-05-25 15:44:18.479285
NLD,Netherlands,2000,43.984351373138,417649282153.726,Netherlands,237.66,2026-05-25 15:44:18.479285
NLD,Netherlands,2001,49.3730621073123,432536219668.898,Netherlands,237.66,2026-05-25 15:44:18.479285
NLD,Netherlands,2002,61.29,475529972122.746,Netherlands,237.66,2026-05-25 15:44:18.479285
NLD,Netherlands,2003,64.35,582435617081.96,Netherlands,237.66,2026-05-25 15:44:18.479285
NLD,Netherlands,2004,68.52,661224886143.245,Netherlands,237.66,2026-05-25 15:44:18.479285
NLD,Netherlands,2005,81.0,688133699635.797,Netherlands,237.66,2026-05-25 15:44:18.479285
NLD,Netherlands,2006,83.7,737593995289.411,Netherlands,237.66,2026-05-25 15:44:18.479285
NLD,Netherlands,2007,85.82,853499460872.552,Netherlands,237.66,2026-05-25 15:44:18.479285
NLD,Netherlands,2008,87.42,957901566041.406,Netherlands,237.66,2026-05-25 15:44:18.479285
NLD,Netherlands,2009,89.63,878954223140.234,Netherlands,237.66,2026-05-25 15:44:18.479285
NLD,Netherlands,2010,90.72,852464982433.335,Netherlands,237.66,2026-05-25 15:44:18.479285
NLD,Netherlands,2011,91.4199957622284,913140741332.687,Netherlands,237.66,2026-05-25 15:44:18.479285
NLD,Netherlands,2012,92.859992359525,845689017065.625,Netherlands,237.66,2026-05-25 15:44:18.479285
NLD,Netherlands,2013,93.9564,883951539006.669,Netherlands,237.66,2026-05-25 15:44:18.479285
NLD,Netherlands,2014,91.6666666666667,901556501756.467,Netherlands,237.66,2026-05-25 15:44:18.479285
NLD,Netherlands,2015,91.7241379310345,775743675302.734,Netherlands,237.66,2026-05-25 15:44:18.479285
NLD,Netherlands,2016,90.4109589041096,797163949289.885,Netherlands,237.66,2026-05-25 15:44:18.479285
NLD,Netherlands,2017,93.1972789115646,848233537845.884,Netherlands,237.66,2026-05-25 15:44:18.479285
NLD,Netherlands,2018,91.8918918918919,929733599796.862,Netherlands,237.66,2026-05-25 15:44:18.479285
NLD,Netherlands,2019,93.2885906040269,928903005576.469,Netherlands,237.66,2026-05-25 15:44:18.479285
NLD,Netherlands,2020,91.33333333,932560861701.17,Netherlands,237.66,2026-05-25 15:44:18.479285
NLD,Netherlands,2021,92.05298013,1054472123449.6,Netherlands,237.66,2026-05-25 15:44:18.479285
NLD,Netherlands,2022,92.51968504,1046540797548.64,Netherlands,237.66,2026-05-25 15:44:18.479285
NLD,Netherlands,2023,97.00680272,1135475867551.0,Netherlands,237.66,2026-05-25 15:44:18.479285
NLD,Netherlands,2024,97.00679779,1214927698572.66,Netherlands,237.66,2026-05-25 15:44:18.479285
NZL,New Zealand,2000,47.3795565432096,52623281956.7031,New Zealand,201.91,2026-05-25 15:44:18.479285
NZL,New Zealand,2001,53.2410152941279,53872425916.6248,New Zealand,201.91,2026-05-25 15:44:18.479285
NZL,New Zealand,2002,59.0807532812931,66627729311.4495,New Zealand,201.91,2026-05-25 15:44:18.479285
NZL,New Zealand,2003,60.9625398663824,88250885550.2626,New Zealand,201.91,2026-05-25 15:44:18.479285
NZL,New Zealand,2004,61.8476278106481,103905210084.034,New Zealand,201.91,2026-05-25 15:44:18.479285
NZL,New Zealand,2005,62.72019958,114720129550.095,New Zealand,201.91,2026-05-25 15:44:18.479285
NZL,New Zealand,2006,69.0,111538810712.665,New Zealand,201.91,2026-05-25 15:44:18.479285
NZL,New Zealand,2007,69.76000214,137188946865.584,New Zealand,201.91,2026-05-25 15:44:18.479285
NZL,New Zealand,2008,72.02999878,133437126590.286,New Zealand,201.91,2026-05-25 15:44:18.479285
NZL,New Zealand,2009,79.7,121663439315.385,New Zealand,201.91,2026-05-25 15:44:18.479285
NZL,New Zealand,2010,80.45999908,146887902524.052,New Zealand,201.91,2026-05-25 15:44:18.479285
NZL,New Zealand,2011,81.23000336,168484908960.078,New Zealand,201.91,2026-05-25 15:44:18.479285
NZL,New Zealand,2012,81.644470179502,176560711239.147,New Zealand,201.91,2026-05-25 15:44:18.479285
NZL,New Zealand,2013,82.77999878,191012364176.878,New Zealand,201.91,2026-05-25 15:44:18.479285
NZL,New Zealand,2014,84.0,201518402787.38,New Zealand,201.91,2026-05-25 15:44:18.479285
NZL,New Zealand,2015,85.19999695,178224167087.99,New Zealand,201.91,2026-05-25 15:44:18.479285
NZL,New Zealand,2016,86.5,189100085275.23,New Zealand,201.91,2026-05-25 15:44:18.479285
NZL,New Zealand,2017,87.69999695,206745969246.073,New Zealand,201.91,2026-05-25 15:44:18.479285
NZL,New Zealand,2018,89.0,211985631173.205,New Zealand,201.91,2026-05-25 15:44:18.479285
NZL,New Zealand,2019,89.86370087,213006341101.869,New Zealand,201.91,2026-05-25 15:44:18.479285
NZL,New Zealand,2020,90.92099762,213029554653.687,New Zealand,201.91,2026-05-25 15:44:18.479285
NZL,New Zealand,2021,91.99060059,253977931814.967,New Zealand,201.91,2026-05-25 15:44:18.479285
NZL,New Zealand,2022,93.07289886,249509991440.438,New Zealand,201.91,2026-05-25 15:44:18.479285
NZL,New Zealand,2023,93.32610321,255194972673.122,New Zealand,201.91,2026-05-25 15:44:18.479285
NZL,New Zealand,2024,93.51930237,260172385097.616,New Zealand,201.91,2026-05-25 15:44:18.479285
NGA,Nigeria,2000,0.0640808079494101,69171451627.2465,Nigeria,36.81,2026-05-25 15:44:18.479285
NGA,Nigeria,2001,0.089901370457273,73557840064.489,Nigeria,36.81,2026-05-25 15:44:18.479285
NGA,Nigeria,2002,0.320461975542327,95054059302.6995,Nigeria,36.81,2026-05-25 15:44:18.479285
NGA,Nigeria,2003,0.558576244860521,104738954264.226,Nigeria,36.81,2026-05-25 15:44:18.479285
NGA,Nigeria,2004,1.28613764134527,135764731645.611,Nigeria,36.81,2026-05-25 15:44:18.479285
NGA,Nigeria,2005,3.54915571796492,175670569969.346,Nigeria,36.81,2026-05-25 15:44:18.479285
NGA,Nigeria,2006,5.54503608300536,238454997161.48,Nigeria,36.81,2026-05-25 15:44:18.479285
NGA,Nigeria,2007,6.769999981,278260846800.103,Nigeria,36.81,2026-05-25 15:44:18.479285
NGA,Nigeria,2008,8.0,339476276257.793,Nigeria,36.81,2026-05-25 15:44:18.479285
NGA,Nigeria,2009,9.300000191,295008835380.997,Nigeria,36.81,2026-05-25 15:44:18.479285
NGA,Nigeria,2010,11.5,366990417129.04,Nigeria,36.81,2026-05-25 15:44:18.479285
NGA,Nigeria,2011,13.80000019,414466676831.16,Nigeria,36.81,2026-05-25 15:44:18.479285
NGA,Nigeria,2012,16.10000038,463971018239.281,Nigeria,36.81,2026-05-25 15:44:18.479285
NGA,Nigeria,2013,19.10000038,520117180313.906,Nigeria,36.81,2026-05-25 15:44:18.479285
NGA,Nigeria,2014,21.0,574183763411.508,Nigeria,36.81,2026-05-25 15:44:18.479285
NGA,Nigeria,2015,22.51420021,493026682800.63,Nigeria,36.81,2026-05-25 15:44:18.479285
NGA,Nigeria,2016,24.13750076,404649125252.16,Nigeria,36.81,2026-05-25 15:44:18.479285
NGA,Nigeria,2017,25.87789917,375745731053.427,Nigeria,36.81,2026-05-25 15:44:18.479285
NGA,Nigeria,2018,27.74370003,421739251509.08,Nigeria,36.81,2026-05-25 15:44:18.479285
NGA,Nigeria,2019,29.74410057,668219992691.462,Nigeria,36.81,2026-05-25 15:44:18.479285
NGA,Nigeria,2020,31.88879967,598586817819.073,Nigeria,36.81,2026-05-25 15:44:18.479285
NGA,Nigeria,2021,35.50979996,609147716972.859,Nigeria,36.81,2026-05-25 15:44:18.479285
NGA,Nigeria,2022,39.14720154,646950257577.814,Nigeria,36.81,2026-05-25 15:44:18.479285
NGA,Nigeria,2023,40.06399918,487387801880.597,Nigeria,36.81,2026-05-25 15:44:18.479285
NGA,Nigeria,2024,41.21139908,252261880141.151,Nigeria,36.81,2026-05-25 15:44:18.479285
PRT,Portugal,2000,16.4304676923534,118605192877.388,Portugal,243.84,2026-05-25 15:44:18.479285
PRT,Portugal,2001,18.0871365595338,121604107164.997,Portugal,243.84,2026-05-25 15:44:18.479285
PRT,Portugal,2002,19.37,134795565549.419,Portugal,243.84,2026-05-25 15:44:18.479285
PRT,Portugal,2003,29.67,165226175536.793,Portugal,243.84,2026-05-25 15:44:18.479285
PRT,Portugal,2004,31.78,189382122532.169,Portugal,243.84,2026-05-25 15:44:18.479285
PRT,Portugal,2005,34.99,197253876704.921,Portugal,243.84,2026-05-25 15:44:18.479285
PRT,Portugal,2006,38.01,208756449275.848,Portugal,243.84,2026-05-25 15:44:18.479285
PRT,Portugal,2007,42.09,240496147317.381,Portugal,243.84,2026-05-25 15:44:18.479285
PRT,Portugal,2008,44.13,263416394624.084,Portugal,243.84,2026-05-25 15:44:18.479285
PRT,Portugal,2009,48.27,244667762835.543,Portugal,243.84,2026-05-25 15:44:18.479285
PRT,Portugal,2010,53.3,238443864993.217,Portugal,243.84,2026-05-25 15:44:18.479285
PRT,Portugal,2011,55.2499968797194,245426767676.002,Portugal,243.84,2026-05-25 15:44:18.479285
PRT,Portugal,2012,60.3399974868057,216536676771.973,Portugal,243.84,2026-05-25 15:44:18.479285
PRT,Portugal,2013,62.0956,226677408291.745,Portugal,243.84,2026-05-25 15:44:18.479285
PRT,Portugal,2014,64.5924200648949,230078616299.675,Portugal,243.84,2026-05-25 15:44:18.479285
PRT,Portugal,2015,68.6328614804299,199038523119.639,Portugal,243.84,2026-05-25 15:44:18.479285
PRT,Portugal,2016,70.423567088723,206305431241.638,Portugal,243.84,2026-05-25 15:44:18.479285
PRT,Portugal,2017,73.7912139515729,220862990767.229,Portugal,243.84,2026-05-25 15:44:18.479285
PRT,Portugal,2018,74.6609681487507,242092894542.888,Portugal,243.84,2026-05-25 15:44:18.479285
PRT,Portugal,2019,75.3463779408712,240115970063.019,Portugal,243.84,2026-05-25 15:44:18.479285
PRT,Portugal,2020,78.26166044,229618773422.577,Portugal,243.84,2026-05-25 15:44:18.479285
PRT,Portugal,2021,82.30902804,256055879091.139,Portugal,243.84,2026-05-25 15:44:18.479285
PRT,Portugal,2022,84.49690644,256898677175.024,Portugal,243.84,2026-05-25 15:44:18.479285
PRT,Portugal,2023,85.79012676,292323800948.839,Portugal,243.84,2026-05-25 15:44:18.479285
PRT,Portugal,2024,88.48704454,313271185085.102,Portugal,243.84,2026-05-25 15:44:18.479285
RUS,Russian Federation,2000,1.97723010897647,259710142196.943,Russia,91.29,2026-05-25 15:44:18.479285
RUS,Russian Federation,2001,2.94436778664985,306602070620.5,Russia,91.29,2026-05-25 15:44:18.479285
RUS,Russian Federation,2002,4.12827181796644,345470494417.863,Russia,91.29,2026-05-25 15:44:18.479285
RUS,Russian Federation,2003,8.29886061553908,430347420184.885,Russia,91.29,2026-05-25 15:44:18.479285
RUS,Russian Federation,2004,12.8593889008473,591016690732.385,Russia,91.29,2026-05-25 15:44:18.479285
RUS,Russian Federation,2005,15.22669983,764015973481.11,Russia,91.29,2026-05-25 15:44:18.479285
RUS,Russian Federation,2006,18.02330017,989932071352.543,Russia,91.29,2026-05-25 15:44:18.479285
RUS,Russian Federation,2007,24.66,1299703478481.65,Russia,91.29,2026-05-25 15:44:18.479285
RUS,Russian Federation,2008,32.0,1660848058303.11,Russia,91.29,2026-05-25 15:44:18.479285
RUS,Russian Federation,2009,42.55,1222645900055.7,Russia,91.29,2026-05-25 15:44:18.479285
RUS,Russian Federation,2010,49.0,1524916715223.95,Russia,91.29,2026-05-25 15:44:18.479285
RUS,Russian Federation,2011,58.0,2045922753398.04,Russia,91.29,2026-05-25 15:44:18.479285
RUS,Russian Federation,2012,66.0,2208293553878.42,Russia,91.29,2026-05-25 15:44:18.479285
RUS,Russian Federation,2013,67.97,2292470078346.22,Russia,91.29,2026-05-25 15:44:18.479285
RUS,Russian Federation,2014,70.5175682574413,2059241589895.01,Russia,91.29,2026-05-25 15:44:18.479285
RUS,Russian Federation,2015,70.0992412263947,1363482182197.71,Russia,91.29,2026-05-25 15:44:18.479285
RUS,Russian Federation,2016,73.091434617897,1276786350881.14,Russia,91.29,2026-05-25 15:44:18.479285
RUS,Russian Federation,2017,76.0081385339105,1574199360089.0,Russia,91.29,2026-05-25 15:44:18.479285
RUS,Russian Federation,2018,80.8647218726954,1657328773461.31,Russia,91.29,2026-05-25 15:44:18.479285
RUS,Russian Federation,2019,82.6421618670668,1693115002708.32,Russia,91.29,2026-05-25 15:44:18.479285
RUS,Russian Federation,2020,84.99466978,1493075894362.14,Russia,91.29,2026-05-25 15:44:18.479285
RUS,Russian Federation,2021,88.21384578,1829186719575.1,Russia,91.29,2026-05-25 15:44:18.479285
RUS,Russian Federation,2022,90.41799163,2291612121334.64,Russia,91.29,2026-05-25 15:44:18.479285
RUS,Russian Federation,2023,92.24496346,2071505725030.58,Russia,91.29,2026-05-25 15:44:18.479285
RUS,Russian Federation,2024,94.36495368,2173835806671.66,Russia,91.29,2026-05-25 15:44:18.479285
SAU,Saudi Arabia,2000,2.21069180908888,189514933333.333,Saudi Arabia,167.93,2026-05-25 15:44:18.479285
SAU,Saudi Arabia,2001,4.6810531658103,184137600000.0,Saudi Arabia,167.93,2026-05-25 15:44:18.479285
SAU,Saudi Arabia,2002,6.38470501955932,189605866666.667,Saudi Arabia,167.93,2026-05-25 15:44:18.479285
SAU,Saudi Arabia,2003,8.00158289090878,215807733333.333,Saudi Arabia,167.93,2026-05-25 15:44:18.479285
SAU,Saudi Arabia,2004,10.2345329969583,258742133333.333,Saudi Arabia,167.93,2026-05-25 15:44:18.479285
SAU,Saudi Arabia,2005,12.7050359882849,328459608764.111,Saudi Arabia,167.93,2026-05-25 15:44:18.479285
SAU,Saudi Arabia,2006,19.4595543513634,376900133511.348,Saudi Arabia,167.93,2026-05-25 15:44:18.479285
SAU,Saudi Arabia,2007,30.0,415964509673.115,Saudi Arabia,167.93,2026-05-25 15:44:18.479285
SAU,Saudi Arabia,2008,36.0,519796800000.0,Saudi Arabia,167.93,2026-05-25 15:44:18.479285
SAU,Saudi Arabia,2009,38.0,429097866666.667,Saudi Arabia,167.93,2026-05-25 15:44:18.479285
SAU,Saudi Arabia,2010,41.0,528207466666.667,Saudi Arabia,167.93,2026-05-25 15:44:18.479285
SAU,Saudi Arabia,2011,47.5,680660800000.0,Saudi Arabia,167.93,2026-05-25 15:44:18.479285
SAU,Saudi Arabia,2012,54.0,751921333333.333,Saudi Arabia,167.93,2026-05-25 15:44:18.479285
SAU,Saudi Arabia,2013,60.5,769755733333.333,Saudi Arabia,167.93,2026-05-25 15:44:18.479285
SAU,Saudi Arabia,2014,64.713657369019,787153066666.667,Saudi Arabia,167.93,2026-05-25 15:44:18.479285
SAU,Saudi Arabia,2015,69.6162358014004,693414400000.0,Saudi Arabia,167.93,2026-05-25 15:44:18.479285
SAU,Saudi Arabia,2016,74.8792746891625,689279466666.667,Saudi Arabia,167.93,2026-05-25 15:44:18.479285
SAU,Saudi Arabia,2017,94.1755996113911,741266133333.333,Saudi Arabia,167.93,2026-05-25 15:44:18.479285
SAU,Saudi Arabia,2018,93.3100018480347,886564800000.0,Saudi Arabia,167.93,2026-05-25 15:44:18.479285
SAU,Saudi Arabia,2019,95.7247355953812,888890133333.333,Saudi Arabia,167.93,2026-05-25 15:44:18.479285
SAU,Saudi Arabia,2020,97.8623325,767951200000.0,Saudi Arabia,167.93,2026-05-25 15:44:18.479285
SAU,Saudi Arabia,2021,100.0,982661066666.667,Saudi Arabia,167.93,2026-05-25 15:44:18.479285
SAU,Saudi Arabia,2022,100.0,1239075200000.0,Saudi Arabia,167.93,2026-05-25 15:44:18.479285
SAU,Saudi Arabia,2023,100.0,1218584533333.33,Saudi Arabia,167.93,2026-05-25 15:44:18.479285
SAU,Saudi Arabia,2024,100.0,1239804533333.33,Saudi Arabia,167.93,2026-05-25 15:44:18.479285
SGP,Singapore,2000,36.0,96076539925.7409,Singapore,425.46,2026-05-25 15:44:18.479285
SGP,Singapore,2001,41.6704251756041,89793790669.6515,Singapore,425.46,2026-05-25 15:44:18.479285
SGP,Singapore,2002,47.0,92538372869.6942,Singapore,425.46,2026-05-25 15:44:18.479285
SGP,Singapore,2003,53.8379432881911,97646401095.6369,Singapore,425.46,2026-05-25 15:44:18.479285
SGP,Singapore,2004,62.0,115033593101.049,Singapore,425.46,2026-05-25 15:44:18.479285
SGP,Singapore,2005,61.0,127807848728.398,Singapore,425.46,2026-05-25 15:44:18.479285
SGP,Singapore,2006,59.0,148627286361.351,Singapore,425.46,2026-05-25 15:44:18.479285
SGP,Singapore,2007,69.9,180941701357.97,Singapore,425.46,2026-05-25 15:44:18.479285
SGP,Singapore,2008,69.0,193617323539.203,Singapore,425.46,2026-05-25 15:44:18.479285
SGP,Singapore,2009,69.0,194150283771.566,Singapore,425.46,2026-05-25 15:44:18.479285
SGP,Singapore,2010,71.0,239807980591.24,Singapore,425.46,2026-05-25 15:44:18.479285
SGP,Singapore,2011,71.0,279356499090.458,Singapore,425.46,2026-05-25 15:44:18.479285
SGP,Singapore,2012,72.0,295092888076.589,Singapore,425.46,2026-05-25 15:44:18.479285
SGP,Singapore,2013,80.90209961,307576360584.992,Singapore,425.46,2026-05-25 15:44:18.479285
SGP,Singapore,2014,79.0292358633435,314863580758.455,Singapore,425.46,2026-05-25 15:44:18.479285
SGP,Singapore,2015,79.0129570025584,307998545269.398,Singapore,425.46,2026-05-25 15:44:18.479285
SGP,Singapore,2016,84.4522678893074,319646468521.497,Singapore,425.46,2026-05-25 15:44:18.479285
SGP,Singapore,2017,84.4522678893074,343673334902.33,Singapore,425.46,2026-05-25 15:44:18.479285
SGP,Singapore,2018,88.1656360313447,377123710560.614,Singapore,425.46,2026-05-25 15:44:18.479285
SGP,Singapore,2019,88.9492526850762,376161998830.048,Singapore,425.46,2026-05-25 15:44:18.479285
SGP,Singapore,2020,92.00434653,349165858544.568,Singapore,425.46,2026-05-25 15:44:18.479285
SGP,Singapore,2021,96.92468156,436591382250.464,Singapore,425.46,2026-05-25 15:44:18.479285
SGP,Singapore,2022,95.95386476,509017841146.557,Singapore,425.46,2026-05-25 15:44:18.479285
SGP,Singapore,2023,94.28518987,505439514078.019,Singapore,425.46,2026-05-25 15:44:18.479285
SGP,Singapore,2024,94.37757178,547386645891.847,Singapore,425.46,2026-05-25 15:44:18.479285
ZAF,South Africa,2000,5.34855973203537,151752757215.309,South Africa,48.9,2026-05-25 15:44:18.479285
ZAF,South Africa,2001,6.34661931839768,135429905922.526,South Africa,48.9,2026-05-25 15:44:18.479285
ZAF,South Africa,2002,6.71032243705404,129087556612.449,South Africa,48.9,2026-05-25 15:44:18.479285
ZAF,South Africa,2003,7.00769172611251,197018965308.697,South Africa,48.9,2026-05-25 15:44:18.479285
ZAF,South Africa,2004,8.4251186825406,255806908594.573,South Africa,48.9,2026-05-25 15:44:18.479285
ZAF,South Africa,2005,7.48854252992921,288867217196.534,South Africa,48.9,2026-05-25 15:44:18.479285
ZAF,South Africa,2006,7.60713967477381,303858675363.643,South Africa,48.9,2026-05-25 15:44:18.479285
ZAF,South Africa,2007,8.06537517355504,333077117253.684,South Africa,48.9,2026-05-25 15:44:18.479285
ZAF,South Africa,2008,8.43,316131258616.309,South Africa,48.9,2026-05-25 15:44:18.479285
ZAF,South Africa,2009,10.0,329754060647.129,South Africa,48.9,2026-05-25 15:44:18.479285
ZAF,South Africa,2010,24.0,417363822801.713,South Africa,48.9,2026-05-25 15:44:18.479285
ZAF,South Africa,2011,33.97,458199494830.834,South Africa,48.9,2026-05-25 15:44:18.479285
ZAF,South Africa,2012,41.0,434400545085.811,South Africa,48.9,2026-05-25 15:44:18.479285
ZAF,South Africa,2013,46.5,400886013595.573,South Africa,48.9,2026-05-25 15:44:18.479285
ZAF,South Africa,2014,49.0,381198869776.106,South Africa,48.9,2026-05-25 15:44:18.479285
ZAF,South Africa,2015,51.91910172,346709790458.563,South Africa,48.9,2026-05-25 15:44:18.479285
ZAF,South Africa,2016,54.0,323585509674.481,South Africa,48.9,2026-05-25 15:44:18.479285
ZAF,South Africa,2017,56.16740036,381448814653.456,South Africa,48.9,2026-05-25 15:44:18.479285
ZAF,South Africa,2018,62.40000153,405260723892.517,South Africa,48.9,2026-05-25 15:44:18.479285
ZAF,South Africa,2019,69.69689941,389330032224.269,South Africa,48.9,2026-05-25 15:44:18.479285
ZAF,South Africa,2020,72.1128006,337974655408.055,South Africa,48.9,2026-05-25 15:44:18.479285
ZAF,South Africa,2021,74.96859741,419986284375.368,South Africa,48.9,2026-05-25 15:44:18.479285
ZAF,South Africa,2022,78.29319763,407596043067.885,South Africa,48.9,2026-05-25 15:44:18.479285
ZAF,South Africa,2023,78.33670044,381440724491.232,South Africa,48.9,2026-05-25 15:44:18.479285
ZAF,South Africa,2024,78.35759735,401144998373.585,South Africa,48.9,2026-05-25 15:44:18.479285
ESP,Spain,2000,13.6249608089899,598102854756.08,Spain,277.98,2026-05-25 15:44:18.479285
ESP,Spain,2001,18.1487226902932,627798682378.741,Spain,277.98,2026-05-25 15:44:18.479285
ESP,Spain,2002,20.39,708938227243.923,Spain,277.98,2026-05-25 15:44:18.479285
ESP,Spain,2003,39.93,907963217057.645,Spain,277.98,2026-05-25 15:44:18.479285
ESP,Spain,2004,44.01,1069829382514.67,Spain,277.98,2026-05-25 15:44:18.479285
ESP,Spain,2005,47.88,1154667551775.88,Spain,277.98,2026-05-25 15:44:18.479285
ESP,Spain,2006,50.37,1261846683275.29,Spain,277.98,2026-05-25 15:44:18.479285
ESP,Spain,2007,55.11,1476746276854.51,Spain,277.98,2026-05-25 15:44:18.479285
ESP,Spain,2008,59.6,1636115447612.5,Spain,277.98,2026-05-25 15:44:18.479285
ESP,Spain,2009,62.4,1496587590847.66,Spain,277.98,2026-05-25 15:44:18.479285
ESP,Spain,2010,65.8,1427989078916.67,Spain,277.98,2026-05-25 15:44:18.479285
ESP,Spain,2011,67.0899993926581,1487568659241.25,Spain,277.98,2026-05-25 15:44:18.479285
ESP,Spain,2012,69.8099999420024,1330994811670.31,Spain,277.98,2026-05-25 15:44:18.479285
ESP,Spain,2013,71.635,1362186923157.65,Spain,277.98,2026-05-25 15:44:18.479285
ESP,Spain,2014,76.1867089778712,1380244561361.96,Spain,277.98,2026-05-25 15:44:18.479285
ESP,Spain,2015,78.6896318703515,1206164777553.12,Spain,277.98,2026-05-25 15:44:18.479285
ESP,Spain,2016,80.5613329432179,1243015667917.12,Spain,277.98,2026-05-25 15:44:18.479285
ESP,Spain,2017,84.6022457016524,1321754088818.83,Spain,277.98,2026-05-25 15:44:18.479285
ESP,Spain,2018,86.107235525659,1431642809327.06,Spain,277.98,2026-05-25 15:44:18.479285
ESP,Spain,2019,90.718665325267,1403496387686.27,Spain,277.98,2026-05-25 15:44:18.479285
ESP,Spain,2020,93.20564892,1289783836971.21,Spain,277.98,2026-05-25 15:44:18.479285
ESP,Spain,2021,93.89752157,1461244901852.69,Spain,277.98,2026-05-25 15:44:18.479285
ESP,Spain,2022,94.4855432,1448850658406.62,Spain,277.98,2026-05-25 15:44:18.479285
ESP,Spain,2023,95.44564516,1619481980719.64,Spain,277.98,2026-05-25 15:44:18.479285
ESP,Spain,2024,95.7574516,1725671652742.19,Spain,277.98,2026-05-25 15:44:18.479285
CHE,Switzerland,2000,47.1,279216033870.204,Switzerland,292.56,2026-05-25 15:44:18.479285
CHE,Switzerland,2001,55.1,286582672434.226,Switzerland,292.56,2026-05-25 15:44:18.479285
CHE,Switzerland,2002,61.4,309301422430.386,Switzerland,292.56,2026-05-25 15:44:18.479285
CHE,Switzerland,2003,65.1,362075086507.76,Switzerland,292.56,2026-05-25 15:44:18.479285
CHE,Switzerland,2004,67.8,403912891033.374,Switzerland,292.56,2026-05-25 15:44:18.479285
CHE,Switzerland,2005,70.1,418284865884.998,Switzerland,292.56,2026-05-25 15:44:18.479285
CHE,Switzerland,2006,75.7,441634672196.523,Switzerland,292.56,2026-05-25 15:44:18.479285
CHE,Switzerland,2007,77.2,490740715594.802,Switzerland,292.56,2026-05-25 15:44:18.479285
CHE,Switzerland,2008,79.2,567267767519.158,Switzerland,292.56,2026-05-25 15:44:18.479285
CHE,Switzerland,2009,81.3,554212916092.271,Switzerland,292.56,2026-05-25 15:44:18.479285
CHE,Switzerland,2010,83.9,598851028906.58,Switzerland,292.56,2026-05-25 15:44:18.479285
CHE,Switzerland,2011,85.1930281804854,715888126682.396,Switzerland,292.56,2026-05-25 15:44:18.479285
CHE,Switzerland,2012,85.2,686420221557.99,Switzerland,292.56,2026-05-25 15:44:18.479285
CHE,Switzerland,2013,86.34,706234937370.968,Switzerland,292.56,2026-05-25 15:44:18.479285
CHE,Switzerland,2014,83.6172512621702,726537808338.0,Switzerland,292.56,2026-05-25 15:44:18.479285
CHE,Switzerland,2015,87.4790555978675,694118186379.628,Switzerland,292.56,2026-05-25 15:44:18.479285
CHE,Switzerland,2016,89.1346877351392,687895460902.713,Switzerland,292.56,2026-05-25 15:44:18.479285
CHE,Switzerland,2017,89.6861476710225,695200833086.499,Switzerland,292.56,2026-05-25 15:44:18.479285
CHE,Switzerland,2018,91.80000305,725568717468.001,Switzerland,292.56,2026-05-25 15:44:18.479285
CHE,Switzerland,2019,93.1460869535177,721369112726.724,Switzerland,292.56,2026-05-25 15:44:18.479285
CHE,Switzerland,2020,94.34999847,741999406005.627,Switzerland,292.56,2026-05-25 15:44:18.479285
CHE,Switzerland,2021,95.56937154,815309330986.719,Switzerland,292.56,2026-05-25 15:44:18.479285
CHE,Switzerland,2022,96.45279694,828508926958.393,Switzerland,292.56,2026-05-25 15:44:18.479285
CHE,Switzerland,2023,97.34436623,894424821645.205,Switzerland,292.56,2026-05-25 15:44:18.479285
CHE,Switzerland,2024,97.3443985,936564198048.516,Switzerland,292.56,2026-05-25 15:44:18.479285
TUR,Turkiye,2000,3.761685035075,274748463178.502,Turkey,80.02,2026-05-25 15:44:18.479285
TUR,Turkiye,2001,5.18948146078506,202195080239.036,Turkey,80.02,2026-05-25 15:44:18.479285
TUR,Turkiye,2002,11.38,240778008473.845,Turkey,80.02,2026-05-25 15:44:18.479285
TUR,Turkiye,2003,12.33,315392899922.379,Turkey,80.02,2026-05-25 15:44:18.479285
TUR,Turkiye,2004,14.58,410156784495.948,Turkey,80.02,2026-05-25 15:44:18.479285
TUR,Turkiye,2005,15.46,508314210212.544,Turkey,80.02,2026-05-25 15:44:18.479285
TUR,Turkiye,2006,18.24,559668118237.002,Turkey,80.02,2026-05-25 15:44:18.479285
TUR,Turkiye,2007,28.63,685228481017.03,Turkey,80.02,2026-05-25 15:44:18.479285
TUR,Turkiye,2008,34.37,775415944332.866,Turkey,80.02,2026-05-25 15:44:18.479285
TUR,Turkiye,2009,36.4,653894449921.288,Turkey,80.02,2026-05-25 15:44:18.479285
TUR,Turkiye,2010,39.82,782545664268.333,Turkey,80.02,2026-05-25 15:44:18.479285
TUR,Turkiye,2011,43.065710430925,844192507380.795,Turkey,80.02,2026-05-25 15:44:18.479285
TUR,Turkiye,2012,45.13,885327622479.052,Turkey,80.02,2026-05-25 15:44:18.479285
TUR,Turkiye,2013,46.25,962167643588.925,Turkey,80.02,2026-05-25 15:44:18.479285
TUR,Turkiye,2014,51.0373665521645,942343431928.654,Turkey,80.02,2026-05-25 15:44:18.479285
TUR,Turkiye,2015,53.7449791423583,865460050683.656,Turkey,80.02,2026-05-25 15:44:18.479285
TUR,Turkiye,2016,58.3477340145685,870818016909.84,Turkey,80.02,2026-05-25 15:44:18.479285
TUR,Turkiye,2017,64.6846176835371,863874522365.276,Turkey,80.02,2026-05-25 15:44:18.479285
TUR,Turkiye,2018,71.0427608433809,788356985773.667,Turkey,80.02,2026-05-25 15:44:18.479285
TUR,Turkiye,2019,73.9767022871511,775853144222.613,Turkey,80.02,2026-05-25 15:44:18.479285
TUR,Turkiye,2020,77.6695605,733628247119.077,Turkey,80.02,2026-05-25 15:44:18.479285
TUR,Turkiye,2021,81.40843745,839938668172.134,Turkey,80.02,2026-05-25 15:44:18.479285
TUR,Turkiye,2022,83.43716576,926097476913.818,Turkey,80.02,2026-05-25 15:44:18.479285
TUR,Turkiye,2023,85.96074155,1141242864657.45,Turkey,80.02,2026-05-25 15:44:18.479285
TUR,Turkiye,2024,87.3078767,1359123768774.12,Turkey,80.02,2026-05-25 15:44:18.479285
GBR,United Kingdom,2000,26.8217543508578,1671597821152.97,United Kingdom,172.24,2026-05-25 15:44:18.479285
GBR,United Kingdom,2001,33.4810948744147,1656171009068.66,United Kingdom,172.24,2026-05-25 15:44:18.479285
GBR,United Kingdom,2002,56.48,1790536570743.41,United Kingdom,172.24,2026-05-25 15:44:18.479285
GBR,United Kingdom,2003,64.82,2061227755102.04,United Kingdom,172.24,2026-05-25 15:44:18.479285
GBR,United Kingdom,2004,65.61,2429774807762.72,United Kingdom,172.24,2026-05-25 15:44:18.479285
GBR,United Kingdom,2005,70.0,2551361818181.82,United Kingdom,172.24,2026-05-25 15:44:18.479285
GBR,United Kingdom,2006,68.82,2719558417663.29,United Kingdom,172.24,2026-05-25 15:44:18.479285
GBR,United Kingdom,2007,75.09,3104699879951.98,United Kingdom,172.24,2026-05-25 15:44:18.479285
GBR,United Kingdom,2008,78.39,2945251838235.29,United Kingdom,172.24,2026-05-25 15:44:18.479285
GBR,United Kingdom,2009,83.56,2429358155475.93,United Kingdom,172.24,2026-05-25 15:44:18.479285
GBR,United Kingdom,2010,85.0,2496740681057.14,United Kingdom,172.24,2026-05-25 15:44:18.479285
GBR,United Kingdom,2011,85.3799985496322,2675590034128.66,United Kingdom,172.24,2026-05-25 15:44:18.479285
GBR,United Kingdom,2012,87.4799984242111,2719715961539.83,United Kingdom,172.24,2026-05-25 15:44:18.479285
GBR,United Kingdom,2013,89.8441,2796908333283.39,United Kingdom,172.24,2026-05-25 15:44:18.479285
GBR,United Kingdom,2014,91.6133009176453,3085362169410.29,United Kingdom,172.24,2026-05-25 15:44:18.479285
GBR,United Kingdom,2015,92.0002998740234,2945579890258.46,United Kingdom,172.24,2026-05-25 15:44:18.479285
GBR,United Kingdom,2016,94.7758006318882,2706807606538.73,United Kingdom,172.24,2026-05-25 15:44:18.479285
GBR,United Kingdom,2017,90.4245504868553,2699118387873.1,United Kingdom,172.24,2026-05-25 15:44:18.479285
GBR,United Kingdom,2018,90.692008988783,2897028009916.05,United Kingdom,172.24,2026-05-25 15:44:18.479285
GBR,United Kingdom,2019,92.5166285497138,2875710080015.3,United Kingdom,172.24,2026-05-25 15:44:18.479285
GBR,United Kingdom,2020,94.81820132,2724001478304.59,United Kingdom,172.24,2026-05-25 15:44:18.479285
GBR,United Kingdom,2021,96.19650269,3194559188925.93,United Kingdom,172.24,2026-05-25 15:44:18.479285
GBR,United Kingdom,2022,95.46530151,3181244350465.41,United Kingdom,172.24,2026-05-25 15:44:18.479285
GBR,United Kingdom,2023,95.44719696,3420796653789.08,United Kingdom,172.24,2026-05-25 15:44:18.479285
GBR,United Kingdom,2024,95.4720993,3686033044482.13,United Kingdom,172.24,2026-05-25 15:44:18.479285
USA,United States,2000,43.0791626375201,10250947997000.0,United States,309.8,2026-05-25 15:44:18.479285
USA,United States,2001,49.0808315896951,10581929774000.0,United States,309.8,2026-05-25 15:44:18.479285
USA,United States,2002,58.7854038836952,10929112955000.0,United States,309.8,2026-05-25 15:44:18.479285
USA,United States,2003,61.6971171244207,11456442041000.0,United States,309.8,2026-05-25 15:44:18.479285
USA,United States,2004,64.7582564759896,12217193198000.0,United States,309.8,2026-05-25 15:44:18.479285
USA,United States,2005,67.9681015,13039199193000.0,United States,309.8,2026-05-25 15:44:18.479285
USA,United States,2006,68.93119812,13815586948000.0,United States,309.8,2026-05-25 15:44:18.479285
USA,United States,2007,75.0,14474226905000.0,United States,309.8,2026-05-25 15:44:18.479285
USA,United States,2008,74.0,14769857911000.0,United States,309.8,2026-05-25 15:44:18.479285
USA,United States,2009,71.0,14478064934000.0,United States,309.8,2026-05-25 15:44:18.479285
USA,United States,2010,71.69,15048964444000.0,United States,309.8,2026-05-25 15:44:18.479285
USA,United States,2011,69.7294607619268,15599728123000.0,United States,309.8,2026-05-25 15:44:18.479285
USA,United States,2012,74.7,16253972230000.0,United States,309.8,2026-05-25 15:44:18.479285
USA,United States,2013,71.4,16843190993000.0,United States,309.8,2026-05-25 15:44:18.479285
USA,United States,2014,73.0,17550680174000.0,United States,309.8,2026-05-25 15:44:18.479285
USA,United States,2015,74.5542024462761,18206020741000.0,United States,309.8,2026-05-25 15:44:18.479285
USA,United States,2016,85.5444212887222,18695110842000.0,United States,309.8,2026-05-25 15:44:18.479285
USA,United States,2017,87.2748891687657,19477336549000.0,United States,309.8,2026-05-25 15:44:18.479285
USA,United States,2018,88.498903165152,20533057312000.0,United States,309.8,2026-05-25 15:44:18.479285
USA,United States,2019,89.4302848575712,21380976119000.0,United States,309.8,2026-05-25 15:44:18.479285
USA,United States,2020,90.34470367,21060473613000.0,United States,309.8,2026-05-25 15:44:18.479285
USA,United States,2021,91.2684021,23315080560000.0,United States,309.8,2026-05-25 15:44:18.479285
USA,United States,2022,92.72850037,25604848907611.0,United States,309.8,2026-05-25 15:44:18.479285
USA,United States,2023,93.52559662,27292170793214.4,United States,309.8,2026-05-25 15:44:18.479285
USA,United States,2024,94.69380188,28750956130731.2,United States,309.8,2026-05-25 15:44:18.479285
